{"cameraMode":{"drawMode":0,"name":"Shaded","section":"Shading Mode"},"sceneLighting":false,"audioPlay":false,"sceneViewState":{"showFog":true,"showMaterialUpdate":false,"showSkybox":false,"showFlares":true,"showImageEffects":true,"showParticleSystems":true},"in2DMode":false,"pivot":{"x":6.429999828338623,"y":1.4620000123977662,"z":0.0},"rotation":{"x":0.27651095390319826,"y":0.27469611167907717,"z":-0.08281496912240982,"w":0.9171918034553528},"size":0.17555202543735505,"orthographic":false}